<beans:beans xmlns="http://www.springframework.org/schema/security"
	xmlns:beans="http://www.springframework.org/schema/beans" xmlns:xsi="http://www.w3.org/2001/XMLSchema-instance"
	xmlns:context="http://www.springframework.org/schema/context"
	xmlns:mvc="http://www.springframework.org/schema/mvc" xmlns:tx="http://www.springframework.org/schema/tx"
	xsi:schemaLocation="http://www.springframework.org/schema/beans http://www.springframework.org/schema/beans/spring-beans-4.2.xsd
		http://www.springframework.org/schema/mvc http://www.springframework.org/schema/mvc/spring-mvc-4.2.xsd
		http://www.springframework.org/schema/context http://www.springframework.org/schema/context/spring-context-4.2.xsd
		http://www.springframework.org/schema/tx http://www.springframework.org/schema/tx/spring-tx-4.2.xsd
		http://www.springframework.org/schema/security http://www.springframework.org/schema/security/spring-security-4.0.xsd">

	<beans:import resource="spring-database.xml" />

	<http auto-config="true" use-expressions="true">
		<intercept-url pattern="/" access="permitAll" />
		<intercept-url pattern="/admin**" access="hasRole('ROLE_ADMIN')" />
		<!-- <intercept-url pattern="/user**" access="hasRole('ROLE_USER')" /> -->
		<!-- access denied page -->
		<form-login login-page="/login" login-processing-url="/j_spring_security_check"
			default-target-url="/welcome"  authentication-failure-url="/login?error"
			username-parameter="username" password-parameter="password"/>
			<access-denied-handler error-page="/403" />
		<logout invalidate-session="true" 
				delete-cookies="JSESSIONID"
				logout-success-url="/login?logout"
				logout-url="/j_spring_security_logout" />
		<!-- enable csrf protection -->
		<csrf />
		<session-management>
		<concurrency-control max-sessions="1" error-if-maximum-exceeded="true"/>
		</session-management>
	
	</http>
	<authentication-manager>
		<authentication-provider user-service-ref="myUserDetailsService">
			<password-encoder hash="md5" />
		</authentication-provider>
	</authentication-manager>
</beans:beans>