<?xml version="1.0" encoding="UTF-8"?>
<beans xmlns="http://www.springframework.org/schema/beans"
	xmlns:context="http://www.springframework.org/schema/context" xmlns:p="http://www.springframework.org/schema/p"
	xmlns:batch="http://www.springframework.org/schema/batch" xmlns:mvc="http://www.springframework.org/schema/mvc"
	xmlns:xsi="http://www.w3.org/2001/XMLSchema-instance"
	xsi:schemaLocation="http://www.springframework.org/schema/beans
http://www.springframework.org/schema/beans/spring-beans-4.0.xsd
http://www.springframework.org/schema/context
http://www.springframework.org/schema/context/spring-context-4.0.xsd
http://www.springframework.org/schema/mvc
http://www.springframework.org/schema/mvc/spring-mvc-4.0.xsd
http://www.springframework.org/schema/batch 
http://www.springframework.org/schema/batch/spring-batch-3.0.xsd">

	<!-- <import resource="spring-context.xml"/> <import resource="spring-database.xml"/> -->
	<bean id="itemReader"
		class="org.springframework.batch.item.database.JdbcCursorItemReader"
		scope="step">
		<property name="dataSource" ref="dataSource" />
		<property name="sql" value="select studentid,studentname from student" />
		<property name="rowMapper">
			<bean class="com.cg.batch.main.StudentRowMapper" />
		</property>
	</bean>

	<bean id="databaseItemWriter"
		class="org.springframework.batch.item.database.JdbcBatchItemWriter">
		<property name="dataSource" ref="dataSource" />
		<property name="sql">
			<value>
            <![CDATA[        
              insert into copystudent() values (:copyid,:copyname)
             ]]>
			</value>
		</property>
		<!-- It will take care matching between object property and sql name parameter -->
		<property name="itemSqlParameterSourceProvider">
			<bean
				class="org.springframework.batch.item.database.BeanPropertyItemSqlParameterSourceProvider" />
		</property>
	</bean>

	<batch:job id="reportJob" >
		<batch:step id="step1">
			<batch:tasklet >
				<batch:chunk reader="itemReader" writer="databaseItemWriter"
					commit-interval="1" />
			</batch:tasklet>
		</batch:step>
	</batch:job>
</beans>